{
  "timestamp": "2026-06-03T12:30:06.325088+00:00",
  "corpus_doc_count": 408,
  "dataset_version": 1,
  "k_values": [
    1,
    3,
    5
  ],
  "ignore_threshold": false,
  "overall": {
    "mrr": 0.8666666666666667,
    "recall": {
      "1": 0.55,
      "3": 0.81,
      "5": 0.89
    },
    "precision": {
      "1": 0.76,
      "3": 0.52,
      "5": 0.384
    },
    "count": 25
  },
  "by_type": {
    "comparison": {
      "mrr": 0.6666666666666667,
      "recall": {
        "1": 0.15,
        "3": 0.75,
        "5": 0.95
      },
      "precision": {
        "1": 0.4,
        "3": 0.5333333333333333,
        "5": 0.4
      },
      "count": 5
    },
    "exact-keyword": {
      "mrr": 0.9,
      "recall": {
        "1": 0.7,
        "3": 0.8,
        "5": 0.8
      },
      "precision": {
        "1": 0.8,
        "3": 0.4,
        "5": 0.24000000000000005
      },
      "count": 5
    },
    "multi-doc": {
      "mrr": 0.7666666666666667,
      "recall": {
        "1": 0.3,
        "3": 0.7,
        "5": 0.7
      },
      "precision": {
        "1": 0.6,
        "3": 0.5333333333333333,
        "5": 0.4
      },
      "count": 5
    },
    "noisy": {
      "mrr": 1.0,
      "recall": {
        "1": 0.8,
        "3": 0.9,
        "5": 1.0
      },
      "precision": {
        "1": 1.0,
        "3": 0.4,
        "5": 0.28
      },
      "count": 5
    },
    "semantic": {
      "mrr": 1.0,
      "recall": {
        "1": 0.8,
        "3": 0.9,
        "5": 1.0
      },
      "precision": {
        "1": 1.0,
        "3": 0.7333333333333333,
        "5": 0.6
      },
      "count": 5
    }
  },
  "per_question": [
    {
      "id": "exact-roi-per-pound",
      "type": "exact-keyword",
      "rr": 0.5,
      "recall": {
        "1": 0.0,
        "3": 0.5,
        "5": 0.5
      },
      "precision": {
        "1": 0.0,
        "3": 0.3333333333333333,
        "5": 0.2
      },
      "targets_found": 1,
      "total_relevant": 2
    },
    {
      "id": "exact-pa2-methodology",
      "type": "exact-keyword",
      "rr": 1.0,
      "recall": {
        "1": 0.5,
        "3": 0.5,
        "5": 0.5
      },
      "precision": {
        "1": 1.0,
        "3": 0.3333333333333333,
        "5": 0.2
      },
      "targets_found": 1,
      "total_relevant": 2
    },
    {
      "id": "exact-daily-viewing",
      "type": "exact-keyword",
      "rr": 1.0,
      "recall": {
        "1": 1.0,
        "3": 1.0,
        "5": 1.0
      },
      "precision": {
        "1": 1.0,
        "3": 0.6666666666666666,
        "5": 0.4
      },
      "targets_found": 1,
      "total_relevant": 1
    },
    {
      "id": "exact-partial-attention",
      "type": "exact-keyword",
      "rr": 1.0,
      "recall": {
        "1": 1.0,
        "3": 1.0,
        "5": 1.0
      },
      "precision": {
        "1": 1.0,
        "3": 0.3333333333333333,
        "5": 0.2
      },
      "targets_found": 1,
      "total_relevant": 1
    },
    {
      "id": "exact-tv-share-profit",
      "type": "exact-keyword",
      "rr": 1.0,
      "recall": {
        "1": 1.0,
        "3": 1.0,
        "5": 1.0
      },
      "precision": {
        "1": 1.0,
        "3": 0.3333333333333333,
        "5": 0.2
      },
      "targets_found": 1,
      "total_relevant": 1
    },
    {
      "id": "semantic-worth-it",
      "type": "semantic",
      "rr": 1.0,
      "recall": {
        "1": 0.5,
        "3": 0.5,
        "5": 1.0
      },
      "precision": {
        "1": 1.0,
        "3": 0.3333333333333333,
        "5": 0.4
      },
      "targets_found": 2,
      "total_relevant": 2
    },
    {
      "id": "semantic-trust",
      "type": "semantic",
      "rr": 1.0,
      "recall": {
        "1": 1.0,
        "3": 1.0,
        "5": 1.0
      },
      "precision": {
        "1": 1.0,
        "3": 1.0,
        "5": 0.8
      },
      "targets_found": 1,
      "total_relevant": 1
    },
    {
      "id": "semantic-creative-strength",
      "type": "semantic",
      "rr": 1.0,
      "recall": {
        "1": 1.0,
        "3": 1.0,
        "5": 1.0
      },
      "precision": {
        "1": 1.0,
        "3": 0.6666666666666666,
        "5": 0.6
      },
      "targets_found": 1,
      "total_relevant": 1
    },
    {
      "id": "semantic-reach-vs-target",
      "type": "semantic",
      "rr": 1.0,
      "recall": {
        "1": 0.5,
        "3": 1.0,
        "5": 1.0
      },
      "precision": {
        "1": 1.0,
        "3": 0.6666666666666666,
        "5": 0.4
      },
      "targets_found": 2,
      "total_relevant": 2
    },
    {
      "id": "semantic-cognitive-biases",
      "type": "semantic",
      "rr": 1.0,
      "recall": {
        "1": 1.0,
        "3": 1.0,
        "5": 1.0
      },
      "precision": {
        "1": 1.0,
        "3": 1.0,
        "5": 0.8
      },
      "targets_found": 1,
      "total_relevant": 1
    },
    {
      "id": "noisy-roi-vs-media",
      "type": "noisy",
      "rr": 1.0,
      "recall": {
        "1": 0.5,
        "3": 0.5,
        "5": 1.0
      },
      "precision": {
        "1": 1.0,
        "3": 0.3333333333333333,
        "5": 0.4
      },
      "targets_found": 2,
      "total_relevant": 2
    },
    {
      "id": "noisy-small-biz",
      "type": "noisy",
      "rr": 1.0,
      "recall": {
        "1": 1.0,
        "3": 1.0,
        "5": 1.0
      },
      "precision": {
        "1": 1.0,
        "3": 0.3333333333333333,
        "5": 0.2
      },
      "targets_found": 1,
      "total_relevant": 1
    },
    {
      "id": "noisy-attention",
      "type": "noisy",
      "rr": 1.0,
      "recall": {
        "1": 1.0,
        "3": 1.0,
        "5": 1.0
      },
      "precision": {
        "1": 1.0,
        "3": 0.3333333333333333,
        "5": 0.2
      },
      "targets_found": 1,
      "total_relevant": 1
    },
    {
      "id": "noisy-60-40",
      "type": "noisy",
      "rr": 1.0,
      "recall": {
        "1": 1.0,
        "3": 1.0,
        "5": 1.0
      },
      "precision": {
        "1": 1.0,
        "3": 0.3333333333333333,
        "5": 0.2
      },
      "targets_found": 1,
      "total_relevant": 1
    },
    {
      "id": "noisy-big-brands-online",
      "type": "noisy",
      "rr": 1.0,
      "recall": {
        "1": 0.5,
        "3": 1.0,
        "5": 1.0
      },
      "precision": {
        "1": 1.0,
        "3": 0.6666666666666666,
        "5": 0.4
      },
      "targets_found": 2,
      "total_relevant": 2
    },
    {
      "id": "compare-tv-vs-online-video",
      "type": "comparison",
      "rr": 1.0,
      "recall": {
        "1": 0.25,
        "3": 0.75,
        "5": 0.75
      },
      "precision": {
        "1": 1.0,
        "3": 1.0,
        "5": 0.6
      },
      "targets_found": 3,
      "total_relevant": 4
    },
    {
      "id": "compare-activation-vs-brand",
      "type": "comparison",
      "rr": 0.3333333333333333,
      "recall": {
        "1": 0.0,
        "3": 0.5,
        "5": 1.0
      },
      "precision": {
        "1": 0.0,
        "3": 0.3333333333333333,
        "5": 0.4
      },
      "targets_found": 2,
      "total_relevant": 2
    },
    {
      "id": "compare-large-vs-small",
      "type": "comparison",
      "rr": 1.0,
      "recall": {
        "1": 0.5,
        "3": 1.0,
        "5": 1.0
      },
      "precision": {
        "1": 1.0,
        "3": 0.6666666666666666,
        "5": 0.4
      },
      "targets_found": 2,
      "total_relevant": 2
    },
    {
      "id": "compare-linear-vs-bvod",
      "type": "comparison",
      "rr": 0.5,
      "recall": {
        "1": 0.0,
        "3": 0.5,
        "5": 1.0
      },
      "precision": {
        "1": 0.0,
        "3": 0.3333333333333333,
        "5": 0.4
      },
      "targets_found": 2,
      "total_relevant": 2
    },
    {
      "id": "compare-fame-vs-performance",
      "type": "comparison",
      "rr": 0.5,
      "recall": {
        "1": 0.0,
        "3": 1.0,
        "5": 1.0
      },
      "precision": {
        "1": 0.0,